Date,market_value,balance,stock_owned,price,action,amount
2024-11-25 09:30:00,100000.0,100000.0,0,420.2699890136719,buy,0
2024-11-25 09:45:00,100000.0,100000.0,0,416.5199890136719,buy,0
2024-11-25 10:00:00,100000.0,100000.0,0,415.30999755859375,buy,0
2024-11-25 10:15:00,100000.0,100000.0,0,415.69000244140625,buy,0
2024-11-25 10:30:00,100000.0,100000.0,0,416.6099853515625,buy,0
2024-11-25 10:45:00,100000.0,100000.0,0,415.69500732421875,buy,0
2024-11-25 11:00:00,100000.0,100000.0,0,415.7799987792969,sell,0
2024-11-25 11:15:00,100000.0,100000.0,0,416.5,buy,0
2024-11-25 11:30:00,100000.0,100000.0,0,415.9599914550781,buy,0
2024-11-25 11:45:00,100000.0,100000.0,0,415.8399963378906,sell,0
2024-11-25 12:00:00,100000.0,100000.0,0,415.2550048828125,buy,0
2024-11-25 12:15:00,100000.0,100000.0,0,415.3699951171875,buy,0
2024-11-25 12:30:00,100000.0,100000.0,0,415.05999755859375,buy,0
2024-11-25 12:45:00,100000.0,100000.0,0,416.0,buy,0
2024-11-25 13:00:00,100000.0,100000.0,0,416.5899963378906,buy,0
2024-11-25 13:15:00,100000.0,100000.0,0,416.6300048828125,buy,0
2024-11-25 13:30:00,100000.0,100000.0,0,416.8450012207031,buy,0
2024-11-25 13:45:00,100000.0,100000.0,0,416.4599914550781,buy,0
2024-11-25 14:00:00,100000.0,100000.0,0,416.59991455078125,buy,0
2024-11-25 14:15:00,100000.0,100000.0,0,416.3399963378906,buy,0
2024-11-25 14:30:00,100000.0,100000.0,0,416.510009765625,buy,0
2024-11-25 14:45:00,100000.0,100000.0,0,416.7300109863281,buy,0
2024-11-25 15:00:00,100000.0,100000.0,0,416.68499755859375,sell,0
2024-11-25 15:15:00,100000.0,100000.0,0,416.57501220703125,buy,0
2024-11-25 15:30:00,100000.0,100000.0,0,416.989990234375,sell,0
2024-11-25 15:45:00,100000.0,100000.0,0,418.7799987792969,buy,0
2024-11-26 09:30:00,100000.0,100000.0,0,423.1400146484375,buy,0
2024-11-26 09:45:00,100000.0,100000.0,0,424.2900085449219,buy,0
2024-11-26 10:00:00,100000.0,100000.0,0,424.8349914550781,buy,0
2024-11-26 10:15:00,100000.0,100000.0,0,424.7074890136719,sell,0
2024-11-26 10:30:00,100000.0,100000.0,0,427.20001220703125,buy,0
2024-11-26 10:45:00,100000.0,100000.0,0,425.6199951171875,buy,0
2024-11-26 11:00:00,100000.0,100000.0,0,426.2395935058594,buy,0
2024-11-26 11:15:00,100000.0,100000.0,0,425.4100036621094,buy,0
2024-11-26 11:30:00,100000.0,100000.0,0,425.6199951171875,buy,0
2024-11-26 11:45:00,100000.0,100000.0,0,425.8999938964844,buy,0
2024-11-26 12:00:00,100000.0,100000.0,0,425.5,buy,0
2024-11-26 12:15:00,100000.0,100000.0,0,425.4800109863281,buy,0
2024-11-26 12:30:00,100000.0,100000.0,0,425.92999267578125,buy,0
2024-11-26 12:45:00,100000.0,100000.0,0,426.8999938964844,buy,0
2024-11-26 13:00:00,100000.0,100000.0,0,426.2200012207031,sell,0
2024-11-26 13:15:00,100000.0,100000.0,0,426.1099853515625,buy,0
2024-11-26 13:30:00,100000.0,100000.0,0,426.9649963378906,buy,0
2024-11-26 13:45:00,100000.0,100000.0,0,426.69500732421875,buy,0
2024-11-26 14:00:00,100000.0,100000.0,0,426.6499938964844,buy,0
2024-11-26 14:15:00,100000.0,100000.0,0,426.3900146484375,buy,0
2024-11-26 14:30:00,100000.0,100000.0,0,426.94000244140625,buy,0
2024-11-26 14:45:00,100000.0,100000.0,0,427.0899963378906,buy,0
2024-11-26 15:00:00,100000.0,100000.0,0,427.4599914550781,buy,0
2024-11-26 15:15:00,100000.0,100000.0,0,428.29998779296875,sell,0
2024-11-26 15:30:00,100000.0,100000.0,0,428.5199890136719,sell,0
2024-11-26 15:45:00,100000.0,100000.0,0,427.6700134277344,buy,0
2024-11-27 09:30:00,100000.0,100000.0,0,425.29400634765625,sell,0
2024-11-27 09:45:00,100000.0,100000.0,0,425.739990234375,buy,0
2024-11-27 10:00:00,100000.0,100000.0,0,424.70001220703125,buy,0
2024-11-27 10:15:00,100000.0,100000.0,0,425.55499267578125,buy,0
2024-11-27 10:30:00,100000.0,100000.0,0,425.0150146484375,buy,0
2024-11-27 10:45:00,100000.0,100000.0,0,424.44000244140625,buy,0
2024-11-27 11:00:00,100000.0,100000.0,0,423.9800109863281,buy,0
2024-11-27 11:15:00,100000.0,100000.0,0,424.57501220703125,buy,0
2024-11-27 11:30:00,100000.0,100000.0,0,424.05999755859375,buy,0
2024-11-27 11:45:00,100000.0,100000.0,0,424.2300109863281,buy,0
2024-11-27 12:00:00,100000.0,100000.0,0,423.68231201171875,sell,0
2024-11-27 12:15:00,100000.0,100000.0,0,423.8699951171875,buy,0
2024-11-27 12:30:00,100000.0,100000.0,0,423.68499755859375,sell,0
2024-11-27 12:45:00,99829.42422896728,66383.19461470947,79,423.3699951171875,buy,79
2024-11-27 13:00:00,99861.81451827392,66383.19461470947,79,423.7799987792969,buy,0
2024-11-27 13:15:00,99859.44461470947,66383.19461470947,79,423.75,buy,0
2024-11-27 13:30:00,99902.893650354,66383.19461470947,79,424.29998779296875,sell,0
2024-11-27 13:45:00,99905.26355391846,66383.19461470947,79,424.3299865722656,buy,0
2024-11-27 14:00:00,99913.95480758057,66383.19461470947,79,424.44000244140625,buy,0
2024-11-27 14:15:00,99909.09686690674,66383.19461470947,79,424.3785095214844,buy,0
2024-11-27 14:30:00,99890.48480635986,66383.19461470947,79,424.1429138183594,sell,0
2024-11-27 14:45:00,99883.93442183838,66383.19461470947,79,424.05999755859375,buy,0
2024-11-27 15:00:00,99917.50845748291,66383.19461470947,79,424.4849853515625,buy,0
2024-11-27 15:15:00,99868.75064498291,66383.19461470947,79,423.8677978515625,buy,0
2024-11-27 15:30:00,99884.72519332275,66383.19461470947,79,424.07000732421875,buy,0
2024-11-27 15:45:00,99793.08490401611,66383.19461470947,79,422.9100036621094,buy,0
2024-11-29 09:30:00,99636.268650354,66383.19461470947,79,420.92498779296875,sell,0
2024-11-29 09:45:00,99553.71500045166,66383.19461470947,79,419.8800048828125,buy,0
2024-11-29 10:00:00,99589.26355391846,66383.19461470947,79,420.3299865722656,buy,0
2024-11-29 10:15:00,99684.3321269165,66383.19461470947,79,421.53338623046875,buy,0
2024-11-29 10:30:00,99767.01355391846,66383.19461470947,79,422.5799865722656,buy,0
2024-11-29 10:45:00,99719.6154826294,66383.19461470947,79,421.9800109863281,buy,0
2024-11-29 11:00:00,99822.31451827392,66383.19461470947,79,423.2799987792969,buy,0
2024-11-29 11:15:00,99802.16913253174,66383.19461470947,79,423.0249938964844,buy,0
2024-11-29 11:30:00,99817.57471114502,66383.19461470947,79,423.2200012207031,buy,0
2024-11-29 11:45:00,99870.50577193603,66383.19461470947,79,423.8900146484375,sell,0
2024-11-29 12:00:00,99787.36460073548,50620.763892727664,116,423.8500061035156,buy,37
2024-11-29 12:15:00,99833.76389272767,50620.763892727664,116,424.25,sell,0
2024-11-29 12:30:00,99852.90488393861,50620.763892727664,116,424.4150085449219,buy,0
2024-11-29 12:45:00,99742.12290151673,50620.763892727664,116,423.4599914550781,buy,0
2024-12-02 09:30:00,99899.89536245423,50620.763892727664,116,424.8200988769531,buy,0
2024-12-02 09:45:00,100063.44516714173,50620.763892727664,116,426.2300109863281,buy,0
2024-12-02 10:00:00,100360.40488393861,50620.763892727664,116,428.7900085449219,buy,0
2024-12-02 10:15:00,100568.04233511048,50620.763892727664,116,430.5799865722656,buy,0
2024-12-02 10:30:00,100636.48545034486,50620.763892727664,116,431.1700134277344,buy,0
2024-12-02 10:45:00,100639.38474233705,50620.763892727664,116,431.19500732421875,buy,0
2024-12-02 11:00:00,100714.20346792298,50620.763892727664,116,431.8399963378906,sell,0
2024-12-02 11:15:00,100535.09873159486,50620.763892727664,116,430.2959899902344,buy,0
2024-12-02 11:30:00,100546.00559194642,50620.763892727664,116,430.3900146484375,buy,0
2024-12-02 11:45:00,100655.04233511048,50620.763892727664,116,431.3299865722656,buy,0
2024-12-02 12:00:00,100605.16318471986,50620.763892727664,116,430.8999938964844,buy,0
2024-12-02 12:15:00,100608.06247671205,50620.763892727664,116,430.92498779296875,buy,0
2024-12-02 12:30:00,100602.84445913392,50620.763892727664,116,430.8800048828125,buy,0
2024-12-02 12:45:00,100616.76389272767,50620.763892727664,116,431.0,buy,0
2024-12-02 13:00:00,100581.9653087433,50620.763892727664,116,430.70001220703125,sell,0
2024-12-02 13:15:00,100586.71958120423,50620.763892727664,116,430.7409973144531,buy,0
2024-12-02 13:30:00,100590.12863882142,50620.763892727664,116,430.7703857421875,buy,0
2024-12-02 13:45:00,100655.0317149933,50620.763892727664,116,431.32989501953125,sell,0
2024-12-02 14:00:00,100628.24777944642,50620.763892727664,116,431.0989990234375,buy,0
2024-12-02 14:15:00,100650.40488393861,50620.763892727664,116,431.2900085449219,buy,0
2024-12-02 14:30:00,100674.76389272767,50620.763892727664,116,431.5,buy,0
2024-12-02 14:45:00,100644.6381603058,50620.763892727664,116,431.24029541015625,sell,0
2024-12-02 15:00:00,100699.70346792298,50620.763892727664,116,431.7149963378906,sell,0
2024-12-02 15:15:00,100682.88474233705,50620.763892727664,116,431.57000732421875,sell,0
2024-12-02 15:30:00,100627.20346792298,50620.763892727664,116,431.0899963378906,buy,0
2024-12-02 15:45:00,100613.28403432923,50620.763892727664,116,430.9700012207031,buy,0
2024-12-03 09:30:00,100483.36460073548,50620.763892727664,116,429.8500061035156,sell,0
2024-12-03 09:45:00,100641.83090932923,50620.763892727664,116,431.2160949707031,buy,0
2024-12-03 10:00:00,100675.92502554017,50620.763892727664,116,431.510009765625,buy,0
2024-12-03 10:15:00,100413.11646512146,41120.03595975037,138,429.6600036621094,buy,22
2024-12-03 10:30:00,100477.28595975037,41120.03595975037,138,430.125,buy,0
2024-12-03 10:45:00,100562.15461209412,41120.03595975037,138,430.739990234375,buy,0
2024-12-03 11:00:00,100671.17579129334,41120.03595975037,138,431.5299987792969,buy,0
2024-12-03 11:15:00,100652.54444363709,41120.03595975037,138,431.3949890136719,buy,0
2024-12-03 11:30:00,100490.69935086365,41120.03595975037,138,430.2221984863281,buy,0
2024-12-03 11:45:00,100540.07410672303,41120.03595975037,138,430.5799865722656,buy,0
2024-12-03 12:00:00,100535.93427518006,41120.03595975037,138,430.54998779296875,buy,0
2024-12-03 12:15:00,100472.45545437928,41120.03595975037,138,430.0899963378906,buy,0
2024-12-03 12:30:00,100487.63764432068,41120.03595975037,138,430.20001220703125,buy,0
2024-12-03 12:45:00,100512.4766335785,41120.03595975037,138,430.3800048828125,buy,0
2024-12-03 13:00:00,100437.94282010193,41120.03595975037,138,429.83990478515625,buy,0
2024-12-03 13:15:00,100459.34528592225,41120.03595975037,138,429.9949951171875,sell,0
2024-12-03 13:30:00,100477.9766335785,41120.03595975037,138,430.1300048828125,buy,0
2024-12-03 13:45:00,100469.69697049256,41120.03595975037,138,430.07000732421875,buy,0
2024-12-03 14:00:00,100495.2266335785,41120.03595975037,138,430.2550048828125,buy,0
2024-12-03 14:15:00,100399.31562283631,41120.03595975037,138,429.55999755859375,buy,0
2024-12-03 14:30:00,100396.55713894959,41120.03595975037,138,429.5400085449219,buy,0
2024-12-03 14:45:00,100486.25629666443,41120.03595975037,138,430.19000244140625,buy,0
2024-12-03 15:00:00,100509.713938266,41120.03595975037,138,430.3599853515625,buy,0
2024-12-03 15:15:00,100532.81782010193,41120.03595975037,138,430.52740478515625,buy,0
2024-12-03 15:30:00,100535.93427518006,41120.03595975037,138,430.54998779296875,buy,0
2024-12-03 15:45:00,100617.35798123475,41120.03595975037,138,431.1400146484375,buy,0
2024-12-04 09:30:00,101517.11646512146,41120.03595975037,138,437.6600036621094,buy,0
2024-12-04 09:45:00,101570.93427518006,41120.03595975037,138,438.04998779296875,buy,0
2024-12-04 10:00:00,101428.79444363709,41120.03595975037,138,437.0199890136719,buy,0
2024-12-04 10:15:00,101580.59528592225,41120.03595975037,138,438.1199951171875,buy,0
2024-12-04 10:30:00,101605.43427518006,41120.03595975037,138,438.29998779296875,buy,0
2024-12-04 10:45:00,101697.90876248475,41120.03595975037,138,438.9700927734375,sell,0
2024-12-04 11:00:00,101730.49256375428,41120.03595975037,138,439.2062072753906,buy,0
2024-12-04 11:15:00,101488.82410672303,41120.03595975037,138,437.4549865722656,buy,0
2024-12-04 11:30:00,101376.35798123475,41120.03595975037,138,436.6400146484375,buy,0
2024-12-04 11:45:00,101421.8961282074,41120.03595975037,138,436.9700012207031,buy,0
2024-12-04 12:00:00,101408.09528592225,41120.03595975037,138,436.8699951171875,sell,0
2024-12-04 12:15:00,101495.03595975037,41120.03595975037,138,437.5,buy,0
2024-12-04 12:30:00,101383.25629666443,41120.03595975037,138,436.69000244140625,buy,0
2024-12-04 12:45:00,101431.55713894959,41120.03595975037,138,437.0400085449219,buy,0
2024-12-04 13:00:00,101491.58680203553,41120.03595975037,138,437.4750061035156,sell,0
2024-12-04 13:15:00,101457.77747586365,41120.03595975037,138,437.2300109863281,buy,0
2024-12-04 13:30:00,101413.61646512146,41120.03595975037,138,436.9100036621094,buy,0
2024-12-04 13:45:00,101416.37494900818,41120.03595975037,138,436.92999267578125,buy,0
2024-12-04 14:00:00,101450.87494900818,41120.03595975037,138,437.17999267578125,buy,0
2024-12-04 14:15:00,101555.75629666443,41120.03595975037,138,437.94000244140625,buy,0
2024-12-04 14:30:00,101546.09528592225,41120.03595975037,138,437.8699951171875,buy,0
2024-12-04 14:45:00,101582.01874783631,41120.03595975037,138,438.13031005859375,buy,0
2024-12-04 15:00:00,101597.15461209412,41120.03595975037,138,438.239990234375,buy,0
2024-12-04 15:15:00,101519.87494900818,41120.03595975037,138,437.67999267578125,buy,0
2024-12-04 15:30:00,101530.2266335785,41120.03595975037,138,437.7550048828125,sell,0
2024-12-04 15:45:00,101471.57410672303,41120.03595975037,138,437.3299865722656,sell,0
2024-12-05 09:30:00,101514.35798123475,41120.03595975037,138,437.6400146484375,buy,0
2024-12-05 09:45:00,101474.68213894959,41120.03595975037,138,437.3525085449219,buy,0
2024-12-05 10:00:00,101384.63764432068,41120.03595975037,138,436.70001220703125,buy,0
2024-12-05 10:15:00,101564.03595975037,41120.03595975037,138,438.0,buy,0
2024-12-05 10:30:00,101700.65461209412,41120.03595975037,138,438.989990234375,buy,0
2024-12-05 10:45:00,101649.59528592225,41120.03595975037,138,438.6199951171875,buy,0
2024-12-05 11:00:00,101705.48511746521,41120.03595975037,138,439.0249938964844,buy,0
2024-12-05 11:15:00,101790.35798123475,41120.03595975037,138,439.6400146484375,buy,0
2024-12-05 11:30:00,101807.74274685975,41120.03595975037,138,439.7659912109375,buy,0
2024-12-05 11:45:00,102033.23511746521,41120.03595975037,138,441.3999938964844,buy,0
2024-12-05 12:00:00,102316.13764432068,41120.03595975037,138,443.45001220703125,buy,0
2024-12-05 12:15:00,102232.6461282074,41120.03595975037,138,442.8450012207031,sell,0
2024-12-05 12:30:00,102251.27747586365,41120.03595975037,138,442.9800109863281,buy,0
2024-12-05 12:45:00,102384.44697049256,41120.03595975037,138,443.94500732421875,buy,0
2024-12-05 13:00:00,102408.59528592225,41120.03595975037,138,444.1199951171875,buy,0
2024-12-05 13:15:00,102306.4766335785,41120.03595975037,138,443.3800048828125,sell,0
2024-12-05 13:30:00,102387.8961282074,41120.03595975037,138,443.9700012207031,sell,0
2024-12-05 13:45:00,102227.81562283631,41120.03595975037,138,442.80999755859375,buy,0
2024-12-05 14:00:00,102303.713938266,41120.03595975037,138,443.3599853515625,buy,0
2024-12-05 14:15:00,102252.67145779725,41120.03595975037,138,442.9901123046875,buy,0
2024-12-05 14:30:00,102294.06977322693,41120.03595975037,138,443.29010009765625,buy,0
2024-12-05 14:45:00,102257.48511746521,41120.03595975037,138,443.0249938964844,buy,0
2024-12-05 15:00:00,102246.44697049256,41120.03595975037,138,442.94500732421875,buy,0
2024-12-05 15:15:00,102174.54950955506,41120.03595975037,138,442.42401123046875,buy,0
2024-12-05 15:30:00,102313.37494900818,41120.03595975037,138,443.42999267578125,buy,0
2024-12-05 15:45:00,102202.9766335785,41120.03595975037,138,442.6300048828125,sell,0
2024-12-06 09:30:00,102482.42579129334,41120.03595975037,138,444.6549987792969,buy,0
2024-12-06 09:45:00,102572.81562283631,41120.03595975037,138,445.30999755859375,buy,0
2024-12-06 10:00:00,102406.52747586365,41120.03595975037,138,444.1050109863281,buy,0
2024-12-06 10:15:00,102505.19697049256,41120.03595975037,138,444.82000732421875,sell,0
2024-12-06 10:30:00,102435.94849637146,41120.03595975037,138,444.3182067871094,sell,0
2024-12-06 10:45:00,102300.95545437928,41120.03595975037,138,443.3399963378906,buy,0
2024-12-06 11:00:00,102270.59528592225,41120.03595975037,138,443.1199951171875,buy,0
2024-12-06 11:15:00,102435.50629666443,41120.03595975037,138,444.31500244140625,buy,0
2024-12-06 11:30:00,102368.57410672303,41120.03595975037,138,443.8299865722656,buy,0
2024-12-06 11:45:00,102227.12494900818,41120.03595975037,138,442.80499267578125,sell,0
2024-12-06 12:00:00,102300.95545437928,41120.03595975037,138,443.3399963378906,buy,0
2024-12-06 12:15:00,102249.8961282074,41120.03595975037,138,442.9700012207031,buy,0
2024-12-06 12:30:00,102247.13764432068,41120.03595975037,138,442.95001220703125,buy,0
2024-12-06 12:45:00,102171.23511746521,41120.03595975037,138,442.3999938964844,sell,0
2024-12-06 13:00:00,102316.13764432068,41120.03595975037,138,443.45001220703125,buy,0
2024-12-06 13:15:00,102292.67579129334,41120.03595975037,138,443.2799987792969,buy,0
2024-12-06 13:30:00,102315.44697049256,41120.03595975037,138,443.44500732421875,buy,0
2024-12-06 13:45:00,102023.24424511414,102023.24424511414,0,443.58990478515625,sell,138
2024-12-06 14:00:00,102023.24424511414,102023.24424511414,0,443.2900085449219,buy,0
2024-12-06 14:15:00,102023.24424511414,102023.24424511414,0,443.05999755859375,buy,0
2024-12-06 14:30:00,102023.24424511414,102023.24424511414,0,443.6400146484375,buy,0
2024-12-06 14:45:00,102023.24424511414,102023.24424511414,0,443.7650146484375,buy,0
2024-12-06 15:00:00,102023.24424511414,102023.24424511414,0,444.30499267578125,buy,0
2024-12-06 15:15:00,102023.24424511414,102023.24424511414,0,444.2749938964844,buy,0
2024-12-06 15:30:00,102023.24424511414,102023.24424511414,0,444.6050109863281,buy,0
2024-12-06 15:45:00,102023.24424511414,102023.24424511414,0,443.5199890136719,buy,0
2024-12-09 09:30:00,102023.24424511414,102023.24424511414,0,440.8299865722656,buy,0
2024-12-09 09:45:00,102023.24424511414,102023.24424511414,0,442.3399963378906,sell,0
2024-12-09 10:00:00,102023.24424511414,102023.24424511414,0,444.122314453125,buy,0
2024-12-09 10:15:00,102023.24424511414,102023.24424511414,0,443.7349853515625,buy,0
2024-12-09 10:30:00,102023.24424511414,102023.24424511414,0,445.0210876464844,buy,0
2024-12-09 10:45:00,102023.24424511414,102023.24424511414,0,445.0899963378906,buy,0
2024-12-09 11:00:00,102023.24424511414,102023.24424511414,0,445.55621337890625,buy,0
2024-12-09 11:15:00,102023.24424511414,102023.24424511414,0,447.06500244140625,buy,0
2024-12-09 11:30:00,102023.24424511414,102023.24424511414,0,446.4960021972656,buy,0
2024-12-09 11:45:00,102023.24424511414,102023.24424511414,0,446.7049865722656,buy,0
2024-12-09 12:00:00,102023.24424511414,102023.24424511414,0,447.0199890136719,sell,0
2024-12-09 12:15:00,102023.24424511414,102023.24424511414,0,447.2699890136719,buy,0
2024-12-09 12:30:00,102023.24424511414,102023.24424511414,0,446.6650085449219,buy,0
2024-12-09 12:45:00,102023.24424511414,102023.24424511414,0,446.260009765625,buy,0
2024-12-09 13:00:00,102023.24424511414,102023.24424511414,0,446.5,buy,0
2024-12-09 13:15:00,102023.24424511414,102023.24424511414,0,446.1600036621094,sell,0
2024-12-09 13:30:00,102023.24424511414,102023.24424511414,0,446.6199951171875,buy,0
2024-12-09 13:45:00,102023.24424511414,102023.24424511414,0,446.5799865722656,buy,0
2024-12-09 14:00:00,102023.24424511414,102023.24424511414,0,446.07501220703125,buy,0
2024-12-09 14:15:00,102023.24424511414,102023.24424511414,0,446.0950012207031,buy,0
2024-12-09 14:30:00,102023.24424511414,102023.24424511414,0,445.6499938964844,buy,0
2024-12-09 14:45:00,102023.24424511414,102023.24424511414,0,446.1099853515625,buy,0
2024-12-09 15:00:00,102023.24424511414,102023.24424511414,0,446.2319030761719,buy,0
2024-12-09 15:15:00,102023.24424511414,102023.24424511414,0,446.0299987792969,sell,0
2024-12-09 15:30:00,102023.24424511414,102023.24424511414,0,445.6365051269531,buy,0
2024-12-09 15:45:00,102023.24424511414,102023.24424511414,0,445.8999938964844,buy,0
2024-12-10 09:30:00,102023.24424511414,102023.24424511414,0,447.760009765625,buy,0
2024-12-10 09:45:00,102023.24424511414,102023.24424511414,0,448.1099853515625,buy,0
2024-12-10 10:00:00,102023.24424511414,102023.24424511414,0,448.75,buy,0
2024-12-10 10:15:00,102023.24424511414,102023.24424511414,0,448.2101135253906,buy,0
2024-12-10 10:30:00,102023.24424511414,102023.24424511414,0,448.92999267578125,buy,0
2024-12-10 10:45:00,102023.24424511414,102023.24424511414,0,447.9981994628906,buy,0
2024-12-10 11:00:00,102023.24424511414,102023.24424511414,0,447.5400085449219,buy,0
2024-12-10 11:15:00,102023.24424511414,102023.24424511414,0,446.4649963378906,buy,0
2024-12-10 11:30:00,102023.24424511414,102023.24424511414,0,446.20001220703125,buy,0
2024-12-10 11:45:00,102023.24424511414,102023.24424511414,0,446.3900146484375,buy,0
2024-12-10 12:00:00,102023.24424511414,102023.24424511414,0,446.69000244140625,buy,0
2024-12-10 12:15:00,102023.24424511414,102023.24424511414,0,447.0249938964844,sell,0
2024-12-10 12:30:00,102023.24424511414,102023.24424511414,0,446.4150085449219,buy,0
2024-12-10 12:45:00,102023.24424511414,102023.24424511414,0,445.8599853515625,buy,0
2024-12-10 13:00:00,102023.24424511414,102023.24424511414,0,445.44000244140625,buy,0
2024-12-10 13:15:00,102023.24424511414,102023.24424511414,0,446.0,buy,0
2024-12-10 13:30:00,102023.24424511414,102023.24424511414,0,445.2900085449219,buy,0
2024-12-10 13:45:00,102023.24424511414,102023.24424511414,0,444.643798828125,buy,0
2024-12-10 14:00:00,102023.24424511414,102023.24424511414,0,444.1700134277344,sell,0
2024-12-10 14:15:00,102023.24424511414,102023.24424511414,0,443.9200134277344,buy,0
2024-12-10 14:30:00,102023.24424511414,102023.24424511414,0,442.2799987792969,sell,0
2024-12-10 14:45:00,102023.24424511414,102023.24424511414,0,442.44500732421875,sell,0
2024-12-10 15:00:00,102023.24424511414,102023.24424511414,0,441.8450012207031,buy,0
2024-12-10 15:15:00,102023.24424511414,102023.24424511414,0,441.8900146484375,buy,0
2024-12-10 15:30:00,102023.24424511414,102023.24424511414,0,443.08709716796875,buy,0
2024-12-10 15:45:00,102023.24424511414,102023.24424511414,0,443.489990234375,buy,0
2024-12-11 09:30:00,102023.24424511414,102023.24424511414,0,445.01971435546875,sell,0
2024-12-11 09:45:00,102023.24424511414,102023.24424511414,0,446.135009765625,buy,0
2024-12-11 10:00:00,102023.24424511414,102023.24424511414,0,448.3388977050781,sell,0
2024-12-11 10:15:00,102023.24424511414,102023.24424511414,0,447.5299987792969,buy,0
2024-12-11 10:30:00,102023.24424511414,102023.24424511414,0,449.1499938964844,sell,0
2024-12-11 10:45:00,101821.98437201844,62359.26415717469,88,448.44000244140625,buy,88
2024-12-11 11:00:00,101950.4555634247,62359.26415717469,88,449.89990234375,buy,0
2024-12-11 11:15:00,101950.46362006532,62359.26415717469,88,449.8999938964844,buy,0
2024-12-11 11:30:00,101911.74340522157,62359.26415717469,88,449.4599914550781,buy,0
2024-12-11 11:45:00,101892.3832977997,62359.26415717469,88,449.239990234375,sell,0
2024-12-11 12:00:00,101903.8237274872,62359.26415717469,88,449.3699951171875,buy,0
2024-12-11 12:15:00,101913.04589545594,62359.26415717469,88,449.47479248046875,buy,0
2024-12-11 12:30:00,101901.18383490907,62359.26415717469,88,449.3399963378906,buy,0
2024-12-11 12:45:00,101907.93261420594,62359.26415717469,88,449.41668701171875,buy,0
2024-12-11 13:00:00,101779.32413135377,44760.133976324476,127,448.9700012207031,buy,39
2024-12-11 13:15:00,101802.18320117799,44760.133976324476,127,449.1499938964844,sell,0
2024-12-11 13:30:00,101858.06351123659,44760.133976324476,127,449.5899963378906,buy,0
2024-12-11 13:45:00,101825.04227100221,44760.133976324476,127,449.3299865722656,sell,0
2024-12-11 14:00:00,101773.11520801393,44760.133976324476,127,448.9211120605469,sell,0
2024-12-11 14:15:00,101737.41583667604,44760.133976324476,127,448.6400146484375,buy,0
2024-12-11 14:30:00,101731.06351123659,44760.133976324476,127,448.5899963378906,buy,0
2024-12-11 14:45:00,101716.76205859987,44760.133976324476,127,448.4773864746094,buy,0
2024-12-11 15:00:00,101775.51428638307,44760.133976324476,127,448.94000244140625,sell,0
2024-12-11 15:15:00,101794.1953166565,44760.133976324476,127,449.08709716796875,sell,0
2024-12-11 15:30:00,101771.62692676393,44760.133976324476,127,448.9093933105469,buy,0
2024-12-11 15:45:00,101783.13397632448,44760.133976324476,127,449.0,buy,0
2024-12-12 09:30:00,102348.29715381471,44760.133976324476,127,453.4501037597656,buy,0
2024-12-12 09:45:00,102191.43851123659,44760.133976324476,127,452.2149963378906,buy,0
2024-12-12 10:00:00,101911.40727685549,8914.314137207046,206,451.44219970703125,buy,79
2024-12-12 10:15:00,102232.31413720705,8914.314137207046,206,453.0,buy,0
2024-12-12 10:30:00,102378.57237695315,8914.314137207046,206,453.7099914550781,buy,0
2024-12-12 10:45:00,102712.29137109377,8914.314137207046,206,455.3299865722656,buy,0
2024-12-12 11:00:00,102685.51665185549,8914.314137207046,206,455.20001220703125,buy,0
2024-12-12 11:15:00,102551.61162255862,8914.314137207046,206,454.54998779296875,buy,0
2024-12-12 11:30:00,102250.85338281252,8914.314137207046,206,453.0899963378906,sell,0
2024-12-12 11:45:00,102319.86162255862,8914.314137207046,206,453.42498779296875,sell,0
2024-12-12 12:00:00,102574.27489160158,8914.314137207046,206,454.6600036621094,buy,0
2024-12-12 12:15:00,102471.21202539065,8914.314137207046,206,454.1596984863281,buy,0
2024-12-12 12:30:00,102349.73564599612,8914.314137207046,206,453.57000732421875,buy,0
2024-12-12 12:45:00,102533.07237695315,8914.314137207046,206,454.4599914550781,buy,0
2024-12-12 13:00:00,102533.07237695315,8914.314137207046,206,454.4599914550781,sell,0
2024-12-12 13:15:00,102428.01665185549,8914.314137207046,206,453.95001220703125,buy,0
2024-12-12 13:30:00,102354.84038232424,8914.314137207046,206,453.59478759765625,buy,0
2024-12-12 13:45:00,102264.24388574221,8914.314137207046,206,453.1549987792969,buy,0
2024-12-12 14:00:00,102219.95464013674,8914.314137207046,206,452.94000244140625,buy,0
2024-12-12 14:15:00,102099.44640039065,8914.314137207046,206,452.3550109863281,sell,0
2024-12-12 14:30:00,102085.02489160158,8914.314137207046,206,452.2850036621094,buy,0
2024-12-12 14:45:00,102009.83690332033,8914.314137207046,206,451.9200134277344,buy,0
2024-12-12 15:00:00,101955.24388574221,8914.314137207046,206,451.6549987792969,buy,0
2024-12-12 15:15:00,101934.1271254883,8914.314137207046,206,451.552490234375,buy,0
2024-12-12 15:30:00,102002.64500878908,8914.314137207046,206,451.8851013183594,buy,0
2024-12-12 15:45:00,101506.16539453127,8914.314137207046,206,449.4750061035156,buy,0
2024-12-13 09:30:00,101759.54137109377,8914.314137207046,206,450.7049865722656,buy,0
2024-12-13 09:45:00,101573.11162255862,8914.314137207046,206,449.79998779296875,buy,0
2024-12-13 10:00:00,101540.15715478518,8914.314137207046,206,449.6400146484375,buy,0
2024-12-13 10:15:00,101343.42363427737,8914.314137207046,206,448.68499755859375,buy,0
2024-12-13 10:30:00,101186.26439355471,8914.314137207046,206,447.9220886230469,sell,0
2024-12-13 10:45:00,101169.70543359377,8914.314137207046,206,447.8417053222656,buy,0
2024-12-13 11:00:00,101120.94640039065,8914.314137207046,206,447.6050109863281,buy,0
2024-12-13 11:15:00,101022.06413720705,8914.314137207046,206,447.125,buy,0
2024-12-13 11:30:00,101006.61162255862,8914.314137207046,206,447.04998779296875,buy,0
2024-12-13 11:45:00,100987.04137109377,8914.314137207046,206,446.9549865722656,buy,0
2024-12-13 12:00:00,100910.82237695315,8914.314137207046,206,446.5849914550781,buy,0
2024-12-13 12:15:00,100840.78313134768,8914.314137207046,206,446.2449951171875,buy,0
2024-12-13 12:30:00,100871.68187402346,8914.314137207046,206,446.3949890136719,buy,0
2024-12-13 12:45:00,100742.93187402346,8914.314137207046,206,445.7699890136719,buy,0
2024-12-13 13:00:00,100839.23662255862,8914.314137207046,206,446.23748779296875,buy,0
2024-12-13 13:15:00,101084.71031640627,8914.314137207046,206,447.4291076660156,sell,0
2024-12-13 13:30:00,101104.46287988283,8914.314137207046,206,447.5249938964844,buy,0
2024-12-13 13:45:00,101144.65324853518,8914.314137207046,206,447.7200927734375,buy,0
2024-12-13 14:00:00,101033.90813134768,8914.314137207046,206,447.1824951171875,buy,0
2024-12-13 14:15:00,101025.15715478518,8914.314137207046,206,447.1400146484375,buy,0
2024-12-13 14:30:00,101158.02489160158,8914.314137207046,206,447.7850036621094,buy,0
2024-12-13 14:45:00,101035.45464013674,8914.314137207046,206,447.19000244140625,buy,0
2024-12-13 15:00:00,101101.3761489258,8914.314137207046,206,447.510009765625,buy,0
2024-12-13 15:15:00,101091.07237695315,8914.314137207046,206,447.4599914550781,buy,0
2024-12-13 15:30:00,101146.69640039065,8914.314137207046,206,447.7300109863281,sell,0
2024-12-13 15:45:00,101049.8761489258,8914.314137207046,206,447.260009765625,sell,0
2024-12-16 09:30:00,100881.45128320315,8914.314137207046,206,446.4424133300781,sell,0
2024-12-16 09:45:00,100993.22111962893,8914.314137207046,206,446.9849853515625,buy,0
2024-12-16 10:00:00,100796.49388574221,8914.314137207046,206,446.0299987792969,sell,0
2024-12-16 10:15:00,100853.4689584717,5324.941309545913,214,446.3949890136719,buy,8
2024-12-16 10:30:00,100995.78078708498,5324.941309545913,214,447.05999755859375,buy,0
2024-12-16 10:45:00,100993.63869724123,5324.941309545913,214,447.04998779296875,buy,0
2024-12-16 11:00:00,101169.12026462404,5324.941309545913,214,447.8699951171875,buy,0
2024-12-16 11:15:00,101212.9939218506,5324.941309545913,214,448.07501220703125,sell,0
2024-12-16 11:30:00,101204.43209323732,5324.941309545913,214,448.0350036621094,buy,0
2024-12-16 11:45:00,101252.51809177248,5324.941309545913,214,448.25970458984375,buy,0
2024-12-16 12:00:00,101000.05843601076,5324.941309545913,214,447.0799865722656,buy,0
2024-12-16 12:15:00,101186.2439218506,5324.941309545913,214,447.95001220703125,buy,0
2024-12-16 12:30:00,101300.72817478029,5324.941309545913,214,448.4849853515625,buy,0
2024-12-16 12:45:00,101233.2980600342,5324.941309545913,214,448.1698913574219,buy,0
2024-12-16 13:00:00,101275.56514987795,5324.941309545913,214,448.3674011230469,buy,0
2024-12-16 13:15:00,101438.76235446779,5324.941309545913,214,449.1300048828125,buy,0
2024-12-16 13:30:00,101445.18209323732,5324.941309545913,214,449.1600036621094,buy,0
2024-12-16 13:45:00,101398.10183200685,5324.941309545913,214,448.94000244140625,sell,0
2024-12-16 14:00:00,101431.27157077639,5324.941309545913,214,449.0950012207031,buy,0
2024-12-16 14:15:00,101577.86104831545,5324.941309545913,214,449.7799987792969,buy,0
2024-12-16 14:30:00,101623.87026462404,5324.941309545913,214,449.9949951171875,buy,0
2024-12-16 14:45:00,101695.66945895998,5324.941309545913,214,450.33050537109375,buy,0
2024-12-16 15:00:00,101795.79909763185,5324.941309545913,214,450.79840087890625,buy,0
2024-12-16 15:15:00,102001.58339938967,5324.941309545913,214,451.760009765625,buy,0
2024-12-16 15:30:00,101973.82766208498,5324.941309545913,214,451.63031005859375,sell,0
2024-12-16 15:45:00,101990.87948093264,5324.941309545913,214,451.7099914550781,buy,0
2024-12-17 09:30:00,102114.97701511232,5324.941309545913,214,452.2898864746094,buy,0
2024-12-17 09:45:00,101746.92287692873,5324.941309545913,214,450.57000732421875,sell,0
2024-12-17 10:00:00,101794.0031381592,5324.941309545913,214,450.7900085449219,buy,0
2024-12-17 10:15:00,102008.0031381592,5324.941309545913,214,451.7900085449219,sell,0
2024-12-17 10:30:00,101996.7898202881,5324.941309545913,214,451.73760986328125,buy,0
2024-12-17 10:45:00,102268.01235446779,5324.941309545913,214,453.0050048828125,buy,0
2024-12-17 11:00:00,102487.56218873597,303.81356202699317,225,454.1499938964844,buy,11
2024-12-17 11:15:00,102367.18636476136,303.81356202699317,225,453.614990234375,buy,0
2024-12-17 11:30:00,102629.31328736879,303.81356202699317,225,454.7799987792969,buy,0
2024-12-17 11:45:00,102681.06575929261,303.81356202699317,225,455.010009765625,buy,0
2024-12-17 12:00:00,102448.189935318,303.81356202699317,225,453.9750061035156,buy,0
2024-12-17 12:15:00,102533.69103395082,303.81356202699317,225,454.3550109863281,buy,0
2024-12-17 12:30:00,102477.44103395082,303.81356202699317,225,454.1050109863281,sell,0
2024-12-17 12:45:00,102377.3143860016,303.81356202699317,225,453.6600036621094,buy,0
2024-12-17 13:00:00,102357.06520997621,303.81356202699317,225,453.57000732421875,buy,0
2024-12-17 13:15:00,102393.06603395082,303.81356202699317,225,453.7300109863281,buy,0
2024-12-17 13:30:00,102501.06163941957,303.81356202699317,225,454.2099914550781,buy,0
2024-12-17 13:45:00,102431.31218873597,303.81356202699317,225,453.8999938964844,buy,0
2024-12-17 14:00:00,102355.76058351136,303.81356202699317,225,453.564208984375,buy,0
2024-12-17 14:15:00,102393.06603395082,303.81356202699317,225,453.7300109863281,sell,0
2024-12-17 14:30:00,102456.06575929261,303.81356202699317,225,454.010009765625,buy,0
2024-12-17 14:45:00,102489.8143860016,303.81356202699317,225,454.1600036621094,buy,0
2024-12-17 15:00:00,102352.56081544496,303.81356202699317,225,453.54998779296875,buy,0
2024-12-17 15:15:00,102435.81658326722,303.81356202699317,225,453.9200134277344,buy,0
2024-12-17 15:30:00,102552.8141113434,303.81356202699317,225,454.44000244140625,buy,0
2024-12-17 15:45:00,102561.81603395082,303.81356202699317,225,454.4800109863281,buy,0
2024-12-18 09:30:00,101229.81301271058,303.81356202699317,225,448.55999755859375,buy,0
2024-12-18 09:45:00,101157.81136476136,303.81356202699317,225,448.239990234375,buy,0
2024-12-18 10:00:00,101602.18773805238,303.81356202699317,225,450.2149963378906,buy,0
2024-12-18 10:15:00,101637.06246339418,303.81356202699317,225,450.3699951171875,buy,0
2024-12-18 10:30:00,101801.314935318,303.81356202699317,225,451.1000061035156,sell,0
2024-12-18 10:45:00,101772.7848144684,303.81356202699317,225,450.97320556640625,buy,0
2024-12-18 11:00:00,101850.83580934144,303.81356202699317,225,451.3200988769531,buy,0
2024-12-18 11:15:00,102029.68636476136,303.81356202699317,225,452.114990234375,buy,0
2024-12-18 11:30:00,102116.31356202699,303.81356202699317,225,452.5,sell,0
2024-12-18 11:45:00,102035.31685792543,303.81356202699317,225,452.1400146484375,buy,0
2024-12-18 12:00:00,101936.31630860902,303.81356202699317,225,451.70001220703125,sell,0
2024-12-18 12:15:00,101909.31054078676,303.81356202699317,225,451.5799865722656,buy,0
2024-12-18 12:30:00,102003.81356202699,303.81356202699317,225,452.0,buy,0
2024-12-18 12:45:00,102026.314935318,303.81356202699317,225,452.1000061035156,buy,0
2024-12-18 13:00:00,101901.44158326722,303.81356202699317,225,451.5450134277344,buy,0
2024-12-18 13:15:00,101901.09826051332,303.81356202699317,225,451.5434875488281,buy,0
2024-12-18 13:30:00,101902.56081544496,303.81356202699317,225,451.54998779296875,buy,0
2024-12-18 13:45:00,101916.06026612855,303.81356202699317,225,451.6099853515625,sell,0
2024-12-18 14:00:00,101362.56218873597,303.81356202699317,225,449.1499938964844,buy,0
2024-12-18 14:15:00,101169.06548463441,303.81356202699317,225,448.2900085449219,buy,0
2024-12-18 14:30:00,101083.5643860016,303.81356202699317,225,447.9100036621094,buy,0
2024-12-18 14:45:00,100653.81356202699,303.81356202699317,225,446.0,sell,0
2024-12-18 15:00:00,100269.06548463441,303.81356202699317,225,444.2900085449219,buy,0
2024-12-18 15:15:00,100023.81630860902,303.81356202699317,225,443.20001220703125,buy,0
2024-12-18 15:30:00,99009.0641113434,303.81356202699317,225,438.69000244140625,buy,0
2024-12-18 15:45:00,98685.06356202699,303.81356202699317,225,437.25,buy,0
2024-12-19 09:30:00,99383.69103395082,303.81356202699317,225,440.3550109863281,buy,0
2024-12-19 09:45:00,99200.31548463441,303.81356202699317,225,439.5400085449219,buy,0
2024-12-19 10:00:00,99708.81081544496,303.81356202699317,225,441.79998779296875,buy,0
2024-12-19 10:15:00,99546.81054078676,303.81356202699317,225,441.0799865722656,buy,0
2024-12-19 10:30:00,99632.31163941957,303.81356202699317,225,441.4599914550781,buy,0
2024-12-19 10:45:00,99699.81575929261,303.81356202699317,225,441.760009765625,buy,0
2024-12-19 11:00:00,99355.56603395082,303.81356202699317,225,440.2300109863281,sell,0
2024-12-19 11:15:00,99816.81328736879,303.81356202699317,225,442.2799987792969,sell,0
2024-12-19 11:30:00,99829.3033691559,303.81356202699317,225,442.33551025390625,buy,0
2024-12-19 11:45:00,99772.93663941957,303.81356202699317,225,442.0849914550781,sell,0
2024-12-19 12:00:00,99553.47100221254,303.81356202699317,225,441.1095886230469,buy,0
2024-12-19 12:15:00,99277.26098023988,303.81356202699317,225,439.8819885253906,sell,0
2024-12-19 12:30:00,99410.689935318,303.81356202699317,225,440.4750061035156,buy,0
2024-12-19 12:45:00,99382.564935318,303.81356202699317,225,440.3500061035156,buy,0
2024-12-19 13:00:00,99335.31685792543,303.81356202699317,225,440.1400146484375,buy,0
2024-12-19 13:15:00,99331.82869874574,303.81356202699317,225,440.12451171875,buy,0
2024-12-19 13:30:00,99236.31630860902,303.81356202699317,225,439.70001220703125,buy,0
2024-12-19 13:45:00,99445.5646606598,303.81356202699317,225,440.6300048828125,sell,0
2024-12-19 14:00:00,99343.18581544496,303.81356202699317,225,440.17498779296875,buy,0
2024-12-19 14:15:00,99315.06081544496,303.81356202699317,225,440.04998779296875,buy,0
2024-12-19 14:30:00,99253.18718873597,303.81356202699317,225,439.7749938964844,buy,0
2024-12-19 14:45:00,99084.43718873597,303.81356202699317,225,439.0249938964844,buy,0
2024-12-19 15:00:00,98799.81575929261,303.81356202699317,225,437.760009765625,buy,0
2024-12-19 15:15:00,98985.43663941957,303.81356202699317,225,438.5849914550781,buy,0
2024-12-19 15:30:00,98914.56109010316,303.81356202699317,225,438.2699890136719,buy,0
2024-12-19 15:45:00,98651.314935318,303.81356202699317,225,437.1000061035156,buy,0
2024-12-20 09:30:00,97040.3141113434,303.81356202699317,225,429.94000244140625,buy,0
2024-12-20 09:45:00,96853.56026612855,303.81356202699317,225,429.1099853515625,buy,0
2024-12-20 10:00:00,97448.6896606598,303.81356202699317,225,431.7550048828125,buy,0
2024-12-20 10:15:00,98024.6891113434,303.81356202699317,225,434.31500244140625,buy,0
2024-12-20 10:30:00,98376.8146606598,303.81356202699317,225,435.8800048828125,buy,0
2024-12-20 10:45:00,98412.81548463441,303.81356202699317,225,436.0400085449219,buy,0
2024-12-20 11:00:00,99045.04433595277,303.81356202699317,225,438.84991455078125,buy,0
2024-12-20 11:15:00,99360.06356202699,303.81356202699317,225,440.25,buy,0
2024-12-20 11:30:00,99860.37407838441,303.81356202699317,225,442.4736022949219,buy,0
2024-12-20 11:45:00,99778.56026612855,303.81356202699317,225,442.1099853515625,buy,0
2024-12-20 12:00:00,99851.68801271058,303.81356202699317,225,442.43499755859375,sell,0
2024-12-20 12:15:00,100057.564935318,303.81356202699317,225,443.3500061035156,buy,0
2024-12-20 12:30:00,99765.06081544496,303.81356202699317,225,442.04998779296875,buy,0
2024-12-20 12:45:00,99648.55767213441,303.81356202699317,225,441.5321960449219,buy,0
2024-12-20 13:00:00,99516.44020997621,303.81356202699317,225,440.94500732421875,buy,0
2024-12-20 13:15:00,99204.81301271058,303.81356202699317,225,439.55999755859375,sell,0
2024-12-20 13:30:00,99165.44075929261,303.81356202699317,225,439.385009765625,buy,0
2024-12-20 13:45:00,99126.06163941957,303.81356202699317,225,439.2099914550781,buy,0
2024-12-20 14:00:00,98955.06630860902,303.81356202699317,225,438.45001220703125,buy,0
2024-12-20 14:15:00,99172.19048463441,303.81356202699317,225,439.4150085449219,buy,0
2024-12-20 14:30:00,99064.18801271058,303.81356202699317,225,438.93499755859375,buy,0
2024-12-20 14:45:00,98842.56630860902,303.81356202699317,225,437.95001220703125,sell,0
2024-12-20 15:00:00,98663.68828736879,303.81356202699317,225,437.1549987792969,sell,0
2024-12-20 15:15:00,98579.31328736879,303.81356202699317,225,436.7799987792969,sell,0
2024-12-20 15:30:00,98460.06356202699,303.81356202699317,225,436.25,buy,0
2024-12-20 15:45:00,98622.06383668519,303.81356202699317,225,436.9700012207031,buy,0
